market,asin,title,keyword,卖家,store,remark,link,image_url,Discount Price,Commission,status
DE,B0H6M6Z2MK,德国木质结婚红包,Geldgeschenk Hochzeit,红海德国婴儿材料包,Bella Prime Sociedad Limitada,Need Text Review,https://amzn.to/4cCjk1k,https://m.media-amazon.com/images/I/71P0INGNM0L._AC_SL1500_.jpg,0.00,0.00,active
DE,B0GH6YHYK6,德国电动牙刷,ultraschall zahnbürste,叔叔团队,Hongzhou Wang Store,Need Text Review,https://amzn.to/4uSZN42,https://m.media-amazon.com/images/I/61haRRf+qDL._AC_SL1500_.jpg,0.00,0.00,active
DE,B0FKBVW5JR,德国遮光窗帘,vorhänge,之星涓涓团队, Runi-EU,"Need Text Review
Size Name: H160 x B140 cm (2er Pack)",https://amzn.to/3OazjKV,https://m.media-amazon.com/images/I/71u-m8f5ZTL._AC_SL1500_.jpg,0.00,0.00,active
DE,B0FCLJBWZ7,德国腕护具,handgelenkbandage,啊波团队,"Xianning Niuyun Trading Co., Ltd",Need Text Review,https://amzn.to/4rSTbQI,https://m.media-amazon.com/images/I/71fvZ5FmdLL._SL1500_.jpg,0.00,0.00,active
DE,B0GHQ22H6S,德国窗帘图评,verdunklungsvorhänge,之星涓涓团队,Runi-EU,"Need Image Review
GroBe:H175x B140 cm(2er Pack)",https://amzn.to/4fzfybm,https://m.media-amazon.com/images/I/71nykl0EqEL._AC_SL1500_.jpg,0.00,0.00,active
DE,B0GG4BWYZ4,德国遮光帘,Fenster Verdunkelung ohne Bohren,啊波团队,LTYTVMAMR,Need Text Review,https://amzn.to/3RgvFR8,https://m.media-amazon.com/images/I/81q+dB685bL._AC_SL1500_.jpg,0.00,0.00,active
DE,B0GHD9F47N,德国活性炭,Aktivkohlefilter für Liebherr,啊波团队,LTYTVMAMR,Need Text Review,https://amzn.to/4tFMzGO,https://m.media-amazon.com/images/I/61nSTQrHMlL._AC_SX679_.jpg,0.00,0.00,active
DE,B0GX6FN93S,德国面团清洁布,teig reinigungstuch,啊波团队,Panvatya,Need Text Review,https://amzn.to/4frV4Br,https://m.media-amazon.com/images/I/81nry2PNbGL._AC_SL1500_.jpg,0.00,0.00,active
DE,B0GJZWQFZJ,德国刹车片,shimano bremsbeläge,啊波团队,CLOPAE,Need Text Review,https://amzn.to/4nh0uRD,https://m.media-amazon.com/images/I/71dmRWbIZGL._AC_SL1500_.jpg,0.00,0.00,active
DE,B0FSWDYCWG,德国70岁生日蛋糕图评,cake topper 70 geburtstag holz,红海德国婴儿材料包,JIAOHAI EU,Need Image Review,https://amzn.to/4dQMcEK,https://m.media-amazon.com/images/I/71lFPQNqOOL._AC_SX679_.jpg,0.00,0.00,active
DE,B08TB52VKN,德国头巾,Chemo Kopftuch,Top Seller欧洲手电1,BAICANG STORE,Need Text Review,https://www.amazon.de/osvyo-Chemo-Kopftuch-Bambus-Frauen-Haarausfall/dp/B08TB52VKN/?th=1&psc=1,https://m.media-amazon.com/images/I/61rAQ-yzdvL._AC_SX466_.jpg,0.00,0.00,active
DE,B09PVNS186,德国牙刷头1星差评,oral b aufsteckbürsten,牙刷头差评里的jackson,shushua ,"need 1 star bad review
",https://amzn.to/4ooCZVM,https://f.media-amazon.com/images/I/71xlj1VmVGL.__AC_SX300_SY300_QL70_ML2_.jpg,0.00,0.00,active
DE,B0H4CRTTVY,德国排毒粉,grüne helfer entgiftungspulver,小龙团队,Fubodox,Need Text Review,https://amzn.to/3RTDahu,https://m.media-amazon.com/images/I/71BbqAeUB1L._AC_SL1500_.jpg,0.00,0.00,active
DE,B0H4Q83K4H,德国套装图评,"12 Stück Perlatoren für Wasserhähne Set, Strahlregler M18.5",之星涓涓团队,fanwoTianBo-DE,Need Image Review,https://amzn.to/4yOsjWW,https://m.media-amazon.com/images/I/71uhZiL6szL._AC_SL1500_.jpg,0.00,0.00,active
DE,B0H6Q5K6PZ,德国止吠器,Anti Bell Gerät Hunde,大乐卖999测评-吴榕兴,Cœur de Luxe,Need Text Review,https://amzn.to/4wAlgPw,https://m.media-amazon.com/images/I/71YGsqiLmpL._AC_SL1174_.jpg,0.00,0.00,active
DE,B0H6PX4QTX,德国止吠器,Anti Bell Gerät Hunde,大乐卖999测评-吴榕兴,Cœur de Luxe,Need Text Review,https://amzn.to/4fAkXys,https://m.media-amazon.com/images/I/71YLCKHvbUL._AC_SL1500_.jpg,0.00,0.00,active
DE,B0GR1GCTF7,德国排毒粉,grüne helfer entgiftungspulver,小龙团队,Fubodox,Need Text Review,https://amzn.to/4vAEl4x,https://m.media-amazon.com/images/I/81wIuvwtg8L._AC_SL1500_.jpg,0.00,0.00,active
DE,B0G6WVXJTZ,德国减肥茶,detox tee zum abnehmen,小龙团队,Fubodox,Need Text Review,https://www.amazon.de/abnehmentee-verbrennen-Kr%C3%A4utermischung-Gr%C3%BCnteeextrakt-Allergenfrei/dp/B0G6WVXJTZ,"https://m.media-amazon.com/images/I/71JWVB668xL._AC_SX425_PIbundle-28,TopRight,0,0_SH20_.jpg",0.00,0.00,active
DE,B0GSQLG72T,德国蛋糕装饰,tortendeko 18 geburtstag mädchen,红海德国婴儿材料包,BELLA PRIME S.L.,Need Text Review,https://amzn.to/4o3bAdo,https://m.media-amazon.com/images/I/81PEkMELpFL._AC_SL1500_.jpg,0.00,0.00,active
DE,B0GF1X8N3Q,德国利勃海尔冰箱活性炭,liebherr fresh air filter,啊波团队,WEI_upup,Need Text Review,https://amzn.to/4rpwP9i,https://m.media-amazon.com/images/I/61Sz4B6rJwL._AC_SL1500_.jpg,0.00,0.00,active
DE,B0D3V33VCR,德国牙刷负面,sonicare ersatzbürsten,牙刷头差评里的jackson,WanErUKshop,need 1 star bad review,https://amzn.to/3ZESizy,"https://m.media-amazon.com/images/I/71lenTxA2-L._AC_SX425_PIbundle-8,TopRight,0,0_SH20_.jpg",0.00,0.00,active
DE,B0B7GQ1QB8,"16er Aufsteckbürsten Kompatibel mit Oral B Elektrische Zahnbürste, 4er Precision, 4er Cross, 4er 3D Whitening und 4 Sensitive Clean",oral b aufsteckbürsten,Mr Lee牙刷头差评单1, WanErUKshop,"need  1 star bad review
Sold by
WanErUKshop",https://amzn.to/4uhjp1P,https://m.media-amazon.com/images/I/61Z7gCfBc9L._AC_SY355_.jpg,0.00,0.00,active
DE,B098JLZ2RF,德国牙刷头一星差评,sonicare ersatzbürsten,牙刷头差评里的jackson, KuiGuiUK/WanPeng-DE,need 1 star bad review,https://amzn.to/3Z6zdpU,https://m.media-amazon.com/images/I/6121g+FQusL._AC_SY450_.jpg,0.00,0.00,active
DE,B0D3X3RH5Q,德国牙刷头差评,https://amzn.to/4p58ohd,牙刷头差评里的jackson, Rebeool,need 1 star bad review,https://amzn.to/4p58ohd,https://m.media-amazon.com/images/I/71B+vhY85BL._AC_SX425_.jpg,0.00,0.00,active
DE,B0F7PG5G9L,德国耳鸣喷雾,tinnitus,之星涓涓团队,haochenHaoZhou,Need Text Review,https://amzn.to/48avH1y,https://m.media-amazon.com/images/I/61ooTCQS9DL._AC_SY450_.jpg,0.00,0.00,active
DE,B0GSQMVM4L,德国蛋糕装饰,tortendeko 40 geburtstag frau,红海德国婴儿材料包, Bella Prime Sociedad Limitada,Need Text Review,https://amzn.to/49wPTw6,https://m.media-amazon.com/images/I/710ODjp4ZdL._AC_SL1500_.jpg,0.00,0.00,active
DE,B0GSQZ14JH,德国蛋糕装饰,tortendeko geburtstag,红海德国婴儿材料包,BELLA PRIME S.L.,Need Text Review,https://amzn.to/49EnG6y,https://m.media-amazon.com/images/I/71VMReo1aQL._AC_SL1500_.jpg,0.00,0.00,active
DE,B0GV814CT8,德国蛋糕装饰,tortendeko taufe,红海德国婴儿材料包,BELLA PRIME S.L.,Need Text Review,https://amzn.to/4nlXdAH,https://m.media-amazon.com/images/I/71Fw7hXoyNL._AC_SL1500_.jpg,0.00,0.00,active
DE,B0GSQ882B5,德国装饰,tortendeko geburtstag,红海德国婴儿材料包,BELLA PRIME S.L.,Need Text Review,https://amzn.to/3OVA6jH,https://m.media-amazon.com/images/I/81PEkMELpFL._AC_SL1500_.jpg,0.00,0.00,active
DE,B0D2CVZ13B,德国牙刷差评,sonicare ersatzbürsten,牙刷头差评里的jackson,WanErUKshop,"need 1 star bad review
",https://amzn.to/3LVirXK,"https://m.media-amazon.com/images/I/71uf4H9h2xL._AC_SX425_PIbundle-16,TopRight,0,0_SH20_.jpg",0.00,0.00,active
DE,B0FVSYMWTF,德国负面佣金退货,https://amzn.to/4tAxdmW,CP对接,XEIYEI Shop,"Need Text Review
One-star review, requires return, payment of commission",https://amzn.to/4tAxdmW,https://m.media-amazon.com/images/I/51+caRwcP+L._AC_SL1200_.jpg,0.00,20.00,active
DE,B0GDTP6YHZ,德国排毒粉,detox tee zum abnehmen,小龙团队,Fubodox,Need Text Review,https://amzn.to/4eIpGy5,https://m.media-amazon.com/images/I/51Rz2YsX5gL._SY300_SX300_QL70_ML2_.jpg,0.00,0.00,active
